name,company
Jorge Nuno de Lima Pinto da Costa,FC Porto
Adelino Sá e Melo Caldeira,FC Porto
Fernando Manuel Santos Gomes,FC Porto
Luís Manuel Beleza de Vasconcelos Gonçalves,FC Porto
Vítor Manuel Martins Baía,FC Porto
Reinaldo da Costa Teles Pinheiro,FC Porto
Maria Manuela Aguiar Dias Moreira,FC Porto
Rita de Carvalho Araújo Moreira,FC Porto
Teresa Cristina Costa Leite de Azevedo,FC Porto
Frederico Nuno Faro Varandas,Sporting CP
Francisco Albuquerque Salgado Zenha,Sporting CP
João Ataíde Ferreira Sampaio,Sporting CP
André da Costa Cabral Bernardo,Sporting CP
Nuno Jorge Lopes Correia da Silva,Sporting CP
Maria José Engrola Serrano Biléu Sancho,Sporting CP
Sara Alves Martins de Araújo Sequeira,Sporting CP
Alberto Jorge da Silva Amaral,Flexdeal
Adelaide Maria de Araújo Barbosa Marques,Flexdeal
António Manuel Pita de Abreu,Flexdeal
Paulo José das Neves Vaz,Flexdeal
Maria de Fátima Figueiredo Cordeiro Lopes Carioca,Flexdeal
Pedro Manuel de Castro Soares dos Santos,Jerónimo Martins
Andrzej Szlęzak,Jerónimo Martins
António Pedro de Carvalho Viana-Baptista,Jerónimo Martins
Artur Stefan Kirsten,Jerónimo Martins
Clara Christina Streit,Jerónimo Martins
Elizabeth Ann Bastoni,Jerónimo Martins
Francisco Manuel Seixas da Costa,Jerónimo Martins
José Manuel da Silveira e Castro Soares dos Santos,Jerónimo Martins
María Ángela Holguín Cuéllar,Jerónimo Martins
Sérgio Tavares Rebelo,Jerónimo Martins
Raul Catarino Galamba de Oliveira,CTT Correios de Portugal
João Afonso Ramalho Sopas Pereira Bento,CTT Correios de Portugal
António Pedro Ferreira Vaz da Silva,CTT Correios de Portugal
Guy Patrick Guimarães de Goyri Pacheco,CTT Correios de Portugal
João Carlos Ventura Sousa,CTT Correios de Portugal
João Miguel Gaspar da Silva,CTT Correios de Portugal
Maria Luísa Coutinho Ferreira Leite de Castro Anacoreta Correia,CTT Correios de Portugal
Steven Duncan Wood,CTT Correios de Portugal
Duarte Palma Leal Champalimaud,CTT Correios de Portugal
Isabel Maria Pereira Aníbal Vaz,CTT Correios de Portugal
João Eduardo Moura da Silva Freixa,CTT Correios de Portugal
Jürgen Schröder,CTT Correios de Portugal
Margarida Maria Correia de Barros Couto,CTT Correios de Portugal
María del Carmen Gil Marín,CTT Correios de Portugal
Susanne Ruoff,CTT Correios de Portugal
Paulo Jorge dos Santos Fernandes,Cofina SGPS
João Manuel Matos Borges de Oliveira,Cofina SGPS
Domingos José Vieira de Matos,Cofina SGPS
Pedro Miguel Matos Borges de Oliveira,Cofina SGPS
Ana Rebelo de Carvalho Menéres de Mendonça,Cofina SGPS
Laurentina da Silva Martins,Cofina SGPS
Alda Maria Farinha dos Santos Delgado,Cofina SGPS
Luís Manuel Castilho Godinho Santana,Cofina SGPS
Ana Cristina Clarkson Gaspar,Glintt
Vítor Manuel Lopes Segurado,Glintt
Nuno Vasco Rodrigues Viegas Vieira Lopes,Glintt
Luís Paulo Reis Cocco,Glintt
Miguel Jorge Belpho da Silva Lança,Glintt
João Paulo Coelho Cabecinha,Glintt
Ana Filipa Nogueira Fixe Santos,Glintt
Dario Miguel Tomé Vicente de Bastos Martins,Glintt
Cátia Sofia Farrajota de Sousa Marques,Glintt
Pansy Catilina Chiu King Ho,Estoril Sol
Mário Alberto Neves Assis Ferreira,Estoril Sol
Patrick Wing Ming Huen,Estoril Sol
Maisy Chiu Ha Ho,Estoril Sol
Ambrose Shu Fai So,Estoril Sol
Man Hin Choi,Estoril Sol
António José de Melo Vieira Coelho,Estoril Sol
Vasco Esteves Fraga,Estoril Sol
Jorge Armindo de Carvalho Teixeira,Estoril Sol
Calvin Ka Wing Chann,Estoril Sol
Miguel António Dias Urbano de Magalhães Queiroz,Estoril Sol
José Pedro Franco Brás Monteiro,Lisgráfica
Luis Paulo Fernandes Cruz,Lisgráfica
António Brás Monteiro,Lisgráfica
Nuno Miguel Rodrigues Terras Marques,Vista Alegre Atlantis
Paulo Jorge Lourenço Pires,Vista Alegre Atlantis
Alexandra da Conceição Lopes,Vista Alegre Atlantis
Alda Alexandra Abrantes Costa,Vista Alegre Atlantis
Paulo José Antunes Soares,Vista Alegre Atlantis
Nuno Miguel Ferreira de Assunção Barra,Vista Alegre Atlantis
Nuno Maria Pinto de Magalhães Fernandes Thomaz,Vista Alegre Atlantis
Patrícia Isabel Sousa Caldinha,Inapa
Diogo Francisco Bastos Mendes Rezende,Inapa
Frederico João de Moser Lupi,Inapa
João Miguel Pacheco de Sales Luís,Inapa
Inês Patrícia Arede Simões Louro,Inapa
Victor Maurílio Silva Barros,Inapa
Emília Noronha Galvão Franco Frazão,Inapa
António Carlos Vaz Pinto de Sousa,Ibersol
António Alberto Guerra Leal Teixeira,Ibersol
Juan Carlos Vázquez-Dodero de Bonifaz,Ibersol
Mário Nuno dos Santos Ferreira,Media Capital
Paulo Alexandre Francisco Gaspar,Media Capital
Luis Manuel de Oliveira da Cunha Velho,Media Capital
Avelino da Mota Francisco Gaspar,Media Capital
Cristina Maria Jorge Ferreira,Media Capital
João Luís Baldaque da Costa Serrenho,Media Capital
Miguel Maria Bragança Cunha Osório Araújo,Media Capital
Paula Cristina Domingues Paz Dias Ferreira,Media Capital
Rui Armindo da Costa Freitas,Media Capital
João Nuno de Sottomayor Pinto de Castello Branco,The Navigator Company
António José Pereira Redondo,The Navigator Company
Adriano Augusto da Silva Silveira,The Navigator Company
João Paulo Araújo Oliveira,The Navigator Company
João Paulo Cabete Gonçalves Lé,The Navigator Company
José Fernando Morais Carreira de Araújo,The Navigator Company
Nuno Miguel Moreira de Araújo Santos,The Navigator Company
José Miguel Pereira Gens Paredes,The Navigator Company
Manuel Soares Ferreira Regalado,The Navigator Company
Maria Teresa Aliu Presas,The Navigator Company
Mariana Rita Antunes Marques dos Santos Belmar da Costa,The Navigator Company
Ricardo Miguel dos Santos Pacheco Pires,The Navigator Company
Sandra Maria Soares Santos,The Navigator Company
Vítor Manuel Galvão Rocha Novais Gonçalves,The Navigator Company
Vítor Paulo Paranhos Pereira,The Navigator Company
António Mexia,EDP Renováveis
João Manso Neto,EDP Renováveis
Rui Teixeira,EDP Renováveis
Duarte Bello,EDP Renováveis
Miguel Ángel Prado,EDP Renováveis
Spyridon Martinis,EDP Renováveis
Vera de Morais Pinto Pereira Carneiro,EDP Renováveis
Manuel Menéndez Menéndez,EDP Renováveis
António Nogueira Leite,EDP Renováveis
Acácio Liberado Mota Piloto,EDP Renováveis
Allan J. Katz,EDP Renováveis
Francisco Manuel Seixas da Costa,EDP Renováveis
Conceição Lucas,EDP Renováveis
Alejandro Fernandez de Araoz,EDP Renováveis
Luís Filipe Marques Amado,EDP
Dingming Zhang,EDP
Shengliang Wu,EDP
Ignacio Herrero Ruiz,EDP
Li Li,EDP
Eduardo de Almeida Catroga,EDP
Felipe Fernández Fernández,EDP
Fernando Maria Masaveu Herrero,EDP
Mohammed Issa Khalfan Alhuraimel Alshamsi,EDP
Nuno Manuel da Silva Amado,EDP
Karim Djebbour,EDP
Maria Celeste Ferreira Lopes Cardona,EDP
Ilídio da Costa Leite de Pinho,EDP
Jorge Avelino Braga de Macedo,EDP
Vasco Joaquim Rocha Vieira,EDP
Augusto Carlos Serra Ventura Mateus,EDP
João Carvalho das Neves,EDP
María del Carmen Fernández Rozado,EDP
Laurie Lee Fitch,EDP
Clementina Maria Dâmaso de Jesus Silva Barroso,EDP
Luís Maria Viana Palha da Silva,EDP
Luís Maria Viana Palha da Silva,Pharol
Avelino Cândido Rodrigues,Pharol
Jorge Telmo Maria Freire Cardoso,Pharol
Maria do Rosário Amado Pinto Correia,Pharol
Maria Leonor Martins Ribeiro Modesto,Pharol
Pedro Zañartu Gubert Morais Leitão,Pharol
Rodrigo Costa,REN
João Faria Conceição,REN
Gonçalo Morais Soares,REN
Guangchao Zhu,REN
Mengrong Cheng,REN
Li Lequan,REN
Omar Al-Wahaibi,REN
Jorge Manuel Baptista Magalhães Correia,REN
Manuel Ramos de Sousa Sebastião,REN
Gonçalo Gil Mata,REN
Maria Estela Barbot,REN
José Luís Arnaut,REN
Ana Pinho,REN
Ângelo Gabriel Ribeirinho dos Santos Paupério,NOS SGPS
Miguel Nuno Santos Almeida,NOS SGPS
José Pedro Faria Pereira da Costa,NOS SGPS
Daniel Lopes Beato,NOS SGPS
Filipa de Sousa Taveira da Gama Santos Carvalho,NOS SGPS
Jorge Filipe Pinto Sequeira dos Santos Graça,NOS SGPS
Luís Nascimento,NOS SGPS
Manuel António Neto Portugal Ramalho Eanes,NOS SGPS
Ana Rita Ferreira Rodrigues,NOS SGPS
António Domingues,NOS SGPS
António Bernardo Aranha da Gama Lobo Xavier,NOS SGPS
Catarina Eufémia Amorim da Luz Tavira Van-Dúnem,NOS SGPS
Maria Cláudia Teixeira de Azevedo,NOS SGPS
Cristina Maria de Jesus Marques,NOS SGPS
João Pedro Magalhães da Silva Torres Dolores,NOS SGPS
Joaquim Oliveira,NOS SGPS
José de Freitas,NOS SGPS
Duarte Paulo Teixeira de Azevedo,Sonae Indústria
Carlos António da Rocha Moreira da Silva,Sonae Indústria
Albrecht Olof Lothar Ehlers,Sonae Indústria
Berta Maria Nogueira Dias da Cunha,Sonae Indústria
Isabel Sofia Bragança Simões de Barros,Sonae Indústria
Javier Vega de Seoane Azpilicueta,Sonae Indústria
José Joaquim Romão de Sousa,Sonae Indústria
George Christopher Lawrie,Sonae Indústria
Louis Brassard,Sonae Indústria
António Rios de Amorim,Corticeira Amorim
Nuno Filipe Vilela Barroca de Oliveira,Corticeira Amorim
Fernando José de Araújo dos Santos Almeida,Corticeira Amorim
Cristina Rios de Amorim Baptista,Corticeira Amorim
Luisa Alexandra Ramos Amorim,Corticeira Amorim
Juan Ginesta Viñas,Corticeira Amorim
Duarte Paulo Teixeira de Azevedo,Sonae SGPS
Ângelo Gabriel Ribeirinho dos Santos Paupério,Sonae SGPS
José Manuel Neves Adelino,Sonae SGPS
Margaret Lorraine Trainer,Sonae SGPS
Marcelo Faria de Lima,Sonae SGPS
Carlos António da Rocha Moreira da Silva,Sonae SGPS
Fuencisla Clemares,Sonae SGPS
Philippe Cyriel Elodie Haspeslagh,Sonae SGPS
Maria Cláudia Teixeira de Azevedo,Sonae SGPS
João Pedro Magalhães da Silva Torres Dolores,Sonae SGPS
António Manuel Queirós Vasconcelos da Mota,Mota-Engil
Gonçalo Nuno Gomes de A. Moura Martins,Mota-Engil
Arnaldo José Nunes da Costa Figueiredo,Mota-Engil
Jorge Paulo Sacadura Almeida Coelho,Mota-Engil
Ana Paula Chaves e Sá Ribeiro,Mota-Engil
António Bernardo Aranha da Gama Lobo Xavier,Mota-Engil
António Manuel da Silva Vila Cova,Mota-Engil
Carlos António Vasconcelos Mota dos Santos,Mota-Engil
Eduardo João Frade Sobral Pimentel,Mota-Engil
Emídio José Bebiano e Moura da Costa Pinheiro,Mota-Engil
Francisco Manuel Seixas da Costa,Mota-Engil
Helena Sofia Salgado Cerveira Pinto,Mota-Engil
Ismael Antunes Hernandez Gaspar,Mota-Engil
João Pedro dos Santos Dinis Parreira,Mota-Engil
José Pedro Matos Marques Sampaio de Freitas,Mota-Engil
Luís Filipe Cardoso da Silva,Mota-Engil
Luís Valente de Oliveira,Mota-Engil
Manuel António da Fonseca Vasconcelos da Mota,Mota-Engil
Maria Manuela Queirós V. Mota dos Santos,Mota-Engil
Maria Paula Queirós V. Mota de Meireles,Mota-Engil
Maria Teresa Queirós V. Mota Neves da Costa,Mota-Engil
Heinz-Peter Elstrodt,Semapa
José Antônio do Prado Fay,Semapa
João Nuno de Sottomayor Pinto de Castello Branco,Semapa
José Miguel Pereira Gens Paredes,Semapa
Ricardo Miguel dos Santos Pacheco Pires,Semapa
Vítor Paulo Paranhos Pereira,Semapa
António Pedro de Carvalho Viana-Baptista,Semapa
Carlos Eduardo Coelho Alves,Semapa
Filipa Mendes de Almeida de Queiroz Pereira,Semapa
Francisco José Melo e Castro Guedes,Semapa
Lua Mónica Mendes de Almeida de Queiroz Pereira,Semapa
Mafalda Mendes de Almeida de Queiroz Pereira,Semapa
Vítor Manuel Galvão Rocha Novais Gonçalves,Semapa
Alberto João Coraceiro de Castro,ALTRI SGPS
Paulo Jorge dos Santos Fernandes,ALTRI SGPS
João Manuel Matos Borges de Oliveira,ALTRI SGPS
Domingos José Vieira de Matos,ALTRI SGPS
Laurentina da Silva Martins,ALTRI SGPS
Pedro Miguel Matos Borges de Oliveira,ALTRI SGPS
Ana Rebelo de Carvalho Menéres de Mendonça,ALTRI SGPS
Maria do Carmo Guedes Oliveira,ALTRI SGPS
Paula Simões de Figueiredo Pimentel Freixo,ALTRI SGPS
José Armindo Farinha Soares de Pina,ALTRI SGPS
José António Nogueira dos Santos,ALTRI SGPS
Carlos Alberto Sousa Van Zeller e Silva,ALTRI SGPS
Carlos Manuel Marques Martins,Martifer
Jorge Alberto Marques Martins,Martifer
Arnaldo José Nunes da Costa Figueiredo,Martifer
Pedro Nuno Cardoso Abreu Moreira,Martifer
Pedro Miguel Rodrigues Duarte,Martifer
Maria Sílvia da Fonseca Vasconcelos da Mota,Martifer
Mariana Machado França Gouveia Sande Nogueira,Martifer
Luís Paulo Cardoso Salvado,Novabase
João Nuno da Silva Bento,Novabase
Álvaro José da Silva Ferreira,Novabase
Francisco Paulo Figueiredo Morais Antunes,Novabase
María del Carmen Gil Marín,Novabase
Paulo Jorge de Barros Pires Trigo,Novabase
José Afonso Oom Ferreira de Sousa,Novabase
Pedro Miguel Quinteiro Marques de Carvalho,Novabase
Marta Isabel dos Reis Graça Rodrigues do Nascimento,Novabase
Emílio Rui da Veiga Peixoto Vilar,Caixa Geral de Depósitos
Paulo José de Ribeiro Moita de Macedo,Caixa Geral de Depósitos
Francisco Ravara Cary,Caixa Geral de Depósitos
João Paulo Tudela Martins,Caixa Geral de Depósitos
José António da Silva de Brito,Caixa Geral de Depósitos
José João Guilherme,Caixa Geral de Depósitos
Maria João Borges Carioca Rodrigues,Caixa Geral de Depósitos
Nuno Alexandre de Carvalho Martins,Caixa Geral de Depósitos
Carlos António Torroaes Albuquerque,Caixa Geral de Depósitos
Ana Maria Machado Fernandes,Caixa Geral de Depósitos
José Maria Monteiro de Azevedo Rodrigues,Caixa Geral de Depósitos
Hans-Helmut Kotz,Caixa Geral de Depósitos
Mary Jane Antenen,Caixa Geral de Depósitos
Altina de Fátima Sebastian Gonzalez Villamarin,Caixa Geral de Depósitos
Nuno Filipe Abrantes Leal da Cunha Rodrigues,Caixa Geral de Depósitos
Arlindo Manuel Limede de Oliveira,Caixa Geral de Depósitos
Francisco José Pereira Pinto de Balsemão,Impresa
Francisco Maria Supico Pinto Balsemão,Impresa
Francisco Pedro Presas Pinto de Balsemão,Impresa
Manuel Guilherme Oliveira da Costa,Impresa
Maria Luísa Coutinho Ferreira Leite de Castro Anacoreta Correia,Impresa
João Nuno Lopes de Castro,Impresa
Ana Filipa Mendes de Magalhães Saraiva Mendes,Impresa
JOSÉ REIS DA SILVA RAMOS,Toyota Caetano Portugal
MARIA ANGELINA MARTINS CAETANO RAMOS,Toyota Caetano Portugal
SALVADOR ACÁCIO MARTINS CAETANO,Toyota Caetano Portugal
MIGUEL PEDRO CAETANO RAMOS,Toyota Caetano Portugal
GISELA MARIA FALCÃO SOUSA PIRES PASSOS,Toyota Caetano Portugal
MARIA LIVIA FERNANDES ALVES,Toyota Caetano Portugal
