id,label,type
fidelidade,Fidelidade,company
grupo_jose_de_mello,Grupo José de Mello,company
cuf,CUF,company
luz_saude,Luz Saúde,company
altri,altri,company
paulo_jorge_dos_santos_fernandes,Paulo Jorge dos Santos Fernandes,person
joao_manuel_matos_borges_de_oliveira,João Manuel Matos Borges de Oliveira,person
domingos_jose_vieira_de_matos,Domingos José Vieira de Matos,person
laurentina_da_silva_martins,Laurentina da Silva Martins,person
pedro_miguel_matos_borges_de_oliveira,Pedro Miguel Matos Borges de Oliveira,person
ana_rebelo_de_carvalho_meneres_de_mendonca,Ana Rebelo de Carvalho Menéres de Mendonça,person
jose_manuel_de_almeida_archer,José Manuel de Almeida Archer,person
cofina,cofina,company
compta,compta,company
francisco_maria_supico_pinto_balsemao,Francisco Maria Supico Pinto Balsemão,person
jorge_manuel_martins_delgado,Jorge Manuel Martins Delgado,person
antonio_manuel_frade_saraiva,António Manuel Frade Saraiva,person
armindo_lourenco_monteiro,Armindo Lourenço Monteiro,person
corticeira_amorim,corticeira_amorim,company
antonio_rios_de_amorim,António Rios de Amorim,person
nuno_filipe_vilela_barroca_de_oliveira,Nuno Filipe Vilela Barroca de Oliveira,person
fernando_jose_de_araujo_dos_santos_almeida,Fernando José de Araújo dos Santos Almeida,person
cristina_rios_de_amorim_baptista,Cristina Rios de Amorim Baptista,person
luisa_alexandra_ramos_amorim,Luísa Alexandra Ramos Amorim,person
juan_ginesta_vinas,Juan Ginesta Viñas,person
ctt,ctt,company
antonio_sarmento_gomes_mota,António Sarmento Gomes Mota,person
francisco_jose_queiroz_de_barros_de_lacerda,Francisco José Queiroz de Barros de Lacerda,person
dionizia_maria_ribeiro_farinha_ferreira,Dionizia Maria Ribeiro Farinha Ferreira,person
nuno_de_carvalho_fernandes_thomaz,Nuno de Carvalho Fernandes Thomaz,person
jose_manuel_baptista_fino,José Manuel Baptista Fino,person
celine_dora_judith_abecassis_moedas,Céline Dora Judith Abecassis-Moedas,person
antonio_pedro_ferreira_vaz_da_silva,António Pedro Ferreira Vaz da Silva,person
francisco_maria_da_costa_de_sousa_de_macedo_simao,Francisco Maria da Costa de Sousa de Macedo Simão,person
joao_afonso_ramalho_sopas_pereira_bento,João Afonso Ramalho Sopas Pereira Bento,person
maria_luisa_coutinho_ferreira_leite_de_castro_anacoreta_correia,Maria Luísa Coutinho Ferreira Leite de Castro Anacoreta Correia,person
maria_belen_amatriain_corbi,Maria Belén Amatriain Corbi,person
rafael_caldeira_de_castel_branco_valverde,Rafael Caldeira de Castel-Branco Valverde,person
guy_patrick_guimaraes_de_goyri_pacheco,Guy Patrick Guimarães de Goyri Pacheco,person
edp_renov_c3_a1veis,edp_renov_c3_a1veis,company
antonio_mexia,António Mexia,person
joao_manso_neto,João Manso Neto,person
joao_paulo_costeira,João Paulo Costeira,person
duarte_bello,Duarte Bello,person
miguel_angel_prado,Miguel Ángel Prado,person
manuel_menendez_menendez,Manuel Menéndez Menéndez,person
gilles_august,Gilles August,person
acacio_piloto,Acácio Piloto,person
antonio_nogueira_leite,António Nogueira Leite,person
allan_j_katz,Allan J. Katz,person
francisca_guedes_de_oliveira,Francisca Guedes De Oliveira,person
francisco_seixas_da_costa,Francisco Seixas da Costa,person
conceicao_lucas,Conceição Lucas,person
alejandro_fernandez_de_araoz,Alejandro Fernández de Araoz,person
galp_energia,galp_energia,company
paula_amorim,Paula Amorim,person
miguel_athayde_marques,Miguel Athayde Marques,person
carlos_gomes_da_silva,Carlos Gomes da Silva,person
filipe_crisostomo_silva,Filipe Crisóstomo Silva,person
thore_e_kristiansen,Thore E. Kristiansen,person
sergio_gabrielli_de_azevedo,Sérgio Gabrielli de Azevedo,person
abdul_magid_osman,Abdul Magid Osman,person
marta_amorim,Marta Amorim,person
raquel_vunge,Raquel Vunge,person
carlos_costa_pina,Carlos Costa Pina,person
francisco_teixeira_rego,Francisco Teixeira Rêgo,person
jorge_seabra_de_freitas,Jorge Seabra de Freitas,person
jose_carlos_silva,José Carlos Silva,person
pedro_ricardo,Pedro Ricardo,person
tiago_camara_pestana,Tiago Câmara Pestana,person
rui_paulo_goncalves,Rui Paulo Gonçalves,person
luis_todo_bom,Luís Todo Bom,person
diogo_tavares,Diogo Tavares,person
joaquim_borges_gouveia,Joaquim Borges Gouveia,person
glintt,glintt,company
luis_carlos_alves_rodrigues_matias,Luís Carlos Alves Rodrigues Matias,person
miguel_jorge_belpho_da_silva_lanca,Miguel Jorge Belpho da Silva Lança,person
vitor_manuel_lopes_segurado,Vítor Manuel Lopes Segurado,person
ana_cristina_clarkson_gaspar,Ana Cristina Clarkson Gaspar,person
nuno_vasco_rodrigues_viegas_vieira_lopes,Nuno Vasco Rodrigues Viegas Vieira Lopes,person
catia_sofia_farrajota_de_sousa_marques,Cátia Sofia Farrajota de Sousa Marques,person
henrique_augusto_pereira_moreira,Henrique Augusto Pereira Moreira,person
joao_paulo_coelho_cabecinha,João Paulo Coelho Cabecinha,person
luis_paulo_reis_cocco,Luís Paulo Reis Cocco,person
nuno_carlos_dias_dos_santos_forneas,Nuno Carlos Dias dos Santos Fórneas,person
jose_luis_bonifacio_lopes,José Luís Bonifácio Lopes,person
ana_filipa_nogueira_fixe_santos,Ana Filipa Nogueira Fixe Santos,person
dario_miguel_tome_vicente_de_bastos_martins,Dario Miguel Tome Vicente De Bastos Martins,person
grupo_media_capital,grupo_media_capital,company
manuel_mirat,Manuel Mirat,person
manuel_polanco,Manuel Polanco,person
maria_del_pilar_del_rio,Maria del Pilar del Rio,person
rosa_maria_cullell_muniesa,Rosa Maria Cullell Muniesa,person
agnes_noguera_borel,Agnés Noguera Borel,person
ibersol,ibersol,company
antonio_carlos_vaz_pinto_de_sousa,António Carlos Vaz Pinto de Sousa,person
antonio_alberto_guerra_leal_teixeira,António Alberto Guerra Leal Teixeira,person
juan_carlos_vazquez_dodero_de_bonifaz,Juan Carlos Vázquez-Dodero de Bonifaz,person
impresa,impresa,company
francisco_jose_pereira_pinto_de_balsemao,Francisco José Pereira Pinto de Balsemão,person
francisco_pedro_presas_pinto_de_balsemao,Francisco Pedro Presas Pinto de Balsemão,person
alexandre_de_azeredo_vaz_pinto,Alexandre de Azeredo Vaz Pinto,person
antonio_soares_pinto_barbosa,António Soares Pinto Barbosa,person
jose_manuel_archer_galvao_teles,José Manuel Archer Galvão Teles,person
joao_nuno_lopes_de_castro,João Nuno Lopes de Castro,person
inapa,inapa,company
alvaro_joao_duarte_pinto_correia,Álvaro João Duarte Pinto Correia,person
diogo_francisco_bastos_mendes_rezende,Diogo Francisco Bastos Mendes Rezende,person
antonio_pedro_valente_da_silva_coelho,António Pedro Valente da Silva Coelho,person
arndt_jost_michael_klippgen,Arndt Jost Michael Klippgen,person
antonio_jose_gomes_da_silva_albuquerque,António José Gomes da Silva Albuquerque,person
frederico_joao_de_moser_lupi,Frederico João de Moser Lupi,person
joao_miguel_pacheco_de_sales_luis,João Miguel Pacheco de Sales Luís,person
goncalo_cruz_faria_de_carvalho,Gonçalo Cruz Faria de Carvalho,person
jer_c3_b3nimo_martins,jer_c3_b3nimo_martins,company
pedro_manuel_de_castro_soares_dos_santos,Pedro Manuel de Castro Soares dos Santos,person
andrzej_szlezak,Andrzej Szlezak,person
antonio_pedro_de_carvalho_viana_baptista,António Pedro de Carvalho Viana-Baptista,person
artur_stefan_kirsten,Artur Stefan Kirsten,person
clara_christina_streit,Clara Christina Streit,person
francisco_manuel_seixas_da_costa,Francisco Manuel Seixas da Costa,person
hans_eggerstedt,Hans Eggerstedt,person
henrique_manuel_da_silveira_e_castro_soares_dos_santos,Henrique Manuel da Silveira e Castro Soares dos Santos,person
sergio_tavares_rebelo,Sérgio Tavares Rebelo,person
lisgr_c3_a1fica,lisgr_c3_a1fica,company
jose_pedro_franco_braz_monteiro,José Pedro Franco Braz Monteiro,person
luciano_manuel_ribeiro_da_silva_patrao,Luciano Manuel Ribeiro da Silva Patrão,person
jaime_luciano_marques_baptista_da_costa,Jaime Luciano Marques Baptista da Costa,person
antonio_pedro_marques_patrocinio,António Pedro Marques Patrocínio,person
martifer,martifer,company
carlos_manuel_marques_martins,Carlos Manuel Marques Martins,person
jorge_alberto_marques_martins,Jorge Alberto Marques Martins,person
arnaldo_jose_nunes_da_costa_figueiredo,Arnaldo José Nunes da Costa Figueiredo,person
pedro_nuno_cardoso_abreu_moreira,Pedro Nuno Cardoso Abreu Moreira,person
pedro_miguel_rodrigues_duarte,Pedro Miguel Rodrigues Duarte,person
maria_silvia_da_fonseca_vasconcelos_da_mota,Maria Sílvia da Fonseca Vasconcelos da Mota,person
vitor_manuel_alvares_escaria,Vítor Manuel Álvares Escária,person
mariana_machado_franca_gouveia_sande_nogueira,Mariana Machado França Gouveia Sande Nogueira,person
mota_engil,mota_engil,company
antonio_manuel_queiros_vasconcelos_da_mota,António Manuel Queirós Vasconcelos da Mota,person
goncalo_nuno_gomes_de_a_moura_martins,Gonçalo Nuno Gomes de A. Moura Martins,person
jorge_paulo_sacadura_almeida_coelho,Jorge Paulo Sacadura Almeida Coelho,person
maria_manuela_queiros_v_mota_dos_santos,Maria Manuela Queirós V. Mota dos Santos,person
maria_teresa_queiros_v_mota_neves_da_costa,Maria Teresa Queirós V. Mota Neves da Costa,person
maria_paula_queiros_v_mota_de_meireles,Maria Paula Queirós V. Mota de Meireles,person
carlos_antonio_vasconcelos_mota_dos_santos,Carlos António Vasconcelos Mota dos Santos,person
ismael_antunes_hernandez_gaspar,Ismael Antunes Hernandez Gaspar,person
jose_pedro_matos_marques_sampaio_de_freitas,José Pedro Matos Marques Sampaio de Freitas,person
antonio_martinho_ferreira_de_oliveira,António Martinho Ferreira de Oliveira,person
manuel_antonio_da_fonseca_vasconcelos_da_mota,Manuel António da Fonseca Vasconcelos da Mota,person
joao_pedro_dos_santos_dinis_parreira,João Pedro dos Santos Dinis Parreira,person
eduardo_joao_frade_sobral_pimentel,Eduardo João Frade Sobral Pimentel,person
luis_filipe_cardoso_da_silva,Luís Filipe Cardoso da Silva,person
luis_valente_de_oliveira,Luís Valente de Oliveira,person
antonio_bernardo_a_da_gama_lobo_xavier,António Bernardo A. da Gama Lobo Xavier,person
antonio_manuel_da_silva_vila_cova,António Manuel da Silva Vila Cova,person
helena_sofia_salgado_cerveira_pinto,Helena Sofia Salgado Cerveira Pinto,person
ana_paula_chaves_e_sa_ribeiro,Ana Paula Chaves e Sá Ribeiro,person
nos,nos,company
jorge_de_brito_pereira,Jorge de Brito Pereira,person
miguel_almeida,Miguel Almeida,person
jose_pedro_pereira_da_costa,José Pedro Pereira da Costa,person
ana_paula_marques,Ana Paula Marques,person
manuel_ramalho_eanes,Manuel Ramalho Eanes,person
jorge_graca,Jorge Graça,person
luis_nascimento,Luis Nascimento,person
angelo_pauperio,Ângelo Paupério,person
antonio_lobo_xavier,António Lobo Xavier,person
antonio_domingues,António Domingues,person
catarina_tavira_van_dunem,Catarina Tavira Van-Dúnem,person
joaquim_oliveira,Joaquim Oliveira,person
lorena_fernandes,Lorena Fernandes,person
maria_claudia_azevedo,Maria Cláudia Azevedo,person
mario_leite_da_silva,Mário Leite da Silva,person
joao_dolores,João Dolores,person
novabase,novabase,company
luis_paulo_cardoso_salvado,Luís Paulo Cardoso Salvado,person
joao_nuno_da_silva_bento,João Nuno da Silva Bento,person
alvaro_jose_da_silva_ferreira,Álvaro José da Silva Ferreira,person
francisco_paulo_figueiredo_morais_antunes,Francisco Paulo Figueiredo Morais Antunes,person
maria_del_carmen_gil_marin,María del Carmen Gil Marín,person
jose_afonso_oom_ferreira_de_sousa,José Afonso Oom Ferreira de Sousa,person
pedro_miguel_quinteiro_marques_carvalho,Pedro Miguel Quinteiro Marques Carvalho,person
marta_isabel_dos_reis_graca_rodrigues_do_nascimento,Marta Isabel dos Reis Graça Rodrigues do Nascimento,person
pharol,pharol,company
luis_maria_viana_palha_da_silva,Luís Maria Viana Palha da Silva,person
aristoteles_luiz_menezes_vasconcellos_drummond,Aristóteles Luiz Menezes Vasconcellos Drummond,person
joao_manuel_pisco_de_castro,João Manuel Pisco de Castro,person
jorge_augusto_santiago_das_neves,Jorge Augusto Santiago das Neves,person
jorge_telmo_maria_freire_cardoso,Jorge Telmo Maria Freire Cardoso,person
maria_do_rosario_amado_pinto_correia,Maria do Rosário Amado Pinto Correia,person
nelson_sequeiros_rodriguez_tanure,Nelson Sequeiros Rodriguez Tanure,person
pedro_zanartu_gubert_morais_leitao,Pedro Zañartu Gubert Morais Leitão,person
maria_leonor_martins_ribeiro_modesto,Maria Leonor Martins Ribeiro Modesto,person
ramada,ramada,company
ren,ren,company
rodrigo_costa,Rodrigo Costa,person
goncalo_morais_soares,Gonçalo Morais Soares,person
joao_faria_conceicao,João Faria Conceição,person
guangchao_zhu,Guangchao Zhu,person
mengrong_cheng,Mengrong Cheng,person
li_lequan,Li Lequan,person
omar_al_wahaibi,Omar Al-Wahaibi,person
jorge_magalhaes_correia,Jorge Magalhães Correia,person
manuel_ramos_de_sousa_sebastiao,Manuel Ramos de Sousa Sebastião,person
goncalo_gil_mata,Gonçalo Gil Mata,person
maria_estela_barbot,Maria Estela Barbot,person
jose_luis_arnaut,José Luís Arnaut,person
sag_gest,sag_gest,company
joao_manuel_de_quevedo_pereira_coutinho,João Manuel de Quevedo Pereira Coutinho,person
esmeralda_da_silva_santos_dourado,Esmeralda da Silva Santos Dourado,person
pedro_roque_de_pinho_de_almeida,Pedro Roque de Pinho de Almeida,person
semapa,semapa,company
pedro_mendonca_de_queiroz_pereira,Pedro Mendonça de Queiroz Pereira,person
joao_nuno_de_sottomayor_pinto_de_castello_branco,João Nuno de Sottomayor Pinto de Castello Branco,person
jose_miguel_pereira_gens_paredes,José Miguel Pereira Gens Paredes,person
paulo_miguel_garces_ventura,Paulo Miguel Garcês Ventura,person
ricardo_miguel_dos_santos_pacheco_pires,Ricardo Miguel dos Santos Pacheco Pires,person
carlos_eduardo_coelho_alves,Carlos Eduardo Coelho Alves,person
filipa_mendes_de_almeida_de_queiroz_pereira,Filipa Mendes de Almeida de Queiroz Pereira,person
jose_antonio_do_prado_fay,José Antônio do Prado Fay,person
lua_monica_mendes_de_almeida_de_queiroz_pereira,Lua Mónica Mendes de Almeida de Queiroz Pereira,person
francisco_jose_melo_e_castro_guedes,Francisco José Melo e Castro Guedes,person
mafalda_mendes_de_almeida_de_queiroz_pereira,Mafalda Mendes de Almeida de Queiroz Pereira,person
manuel_custodio_de_oliveira,Manuel Custódio de Oliveira,person
vitor_manuel_galvao_rocha_novais_goncalves,Vítor Manuel Galvão Rocha Novais Gonçalves,person
vitor_paulo_paranhos_pereira,Vítor Paulo Paranhos Pereira,person
sonae_capital,sonae_capital,company
duarte_paulo_teixeira_de_azevedo,Duarte Paulo Teixeira de Azevedo,person
alvaro_carmona_e_costa_portela,Álvaro Carmona e Costa Portela,person
maria_claudia_teixeira_de_azevedo,Maria Cláudia Teixeira de Azevedo,person
francisco_de_la_fuente_sanchez,Francisco de La Fuente Sánchez,person
paulo_jose_jubilado_soares_de_pinho,Paulo José Jubilado Soares de Pinho,person
miguel_jorge_moreira_da_cruz_gil_mata,Miguel Jorge Moreira da Cruz Gil Mata,person
ivone_maria_pinho_teixeira_da_silva,Ivone Maria Pinho Teixeira da Silva,person
sonae_ind_c3_bastria,sonae_ind_c3_bastria,company
carlos_antonio_da_rocha_moreira_da_silva,Carlos António da Rocha Moreira da Silva,person
albrecht_olof_lothar_ehlers,Albrecht Olof Lothar Ehlers,person
berta_maria_nogueira_dias_da_cunha,Berta Maria Nogueira Dias da Cunha,person
isabel_sofia_braganca_simoes_de_barros,Isabel Sofia Bragança Simões de Barros,person
javier_vega_de_seoane_azpilicueta,Javier Vega de Seoane Azpilicueta,person
jose_joaquim_romao_de_sousa,José Joaquim Romão de Sousa,person
george_christopher_lawrie,George Christopher Lawrie,person
louis_brassard,Louis Brassard,person
sonae_sgps,sonae_sgps,company
angelo_gabriel_ribeirinho_dos_santos_pauperio,Ângelo Gabriel Ribeirinho dos Santos Paupério,person
jose_manuel_neves_adelino,José Manuel Neves Adelino,person
andrew_eustace_clavering_campbell,Andrew Eustace Clavering Campbell,person
christine_cross,Christine Cross,person
tsega_gebreyes,Tsega Gebreyes,person
marcelo_faria_de_lima,Marcelo Faria de Lima,person
dag_johan_skattum,Dag Johan Skattum,person
margaret_lorraine_trainer,Margaret Lorraine Trainer,person
sonaecom,sonaecom,company
antonio_bernardo_aranha_da_gama_lobo_xavier,António Bernardo Aranha da Gama Lobo Xavier,person
joao_pedro_magalhaes_da_silva_torres_dolores,João Pedro Magalhães da Silva Torres Dolores,person
teixeira_duarte,teixeira_duarte,company
diogo_bebiano_branco_de_sa_viana_rebelo,Diogo Bebiano Branco de Sá Viana Rebelo,person
pedro_maria_calainho_teixeira_duarte,Pedro Maria Calainho Teixeira Duarte,person
the_navigator_company,the_navigator_company,company
diogo_antonio_rodrigues_da_silveira,Diogo António Rodrigues da Silveira,person
luis_alberto_caldeira_deslandes,Luís Alberto Caldeira Deslandes,person
antonio_jose_pereira_redondo,António José Pereira Redondo,person
jose_fernando_morais_carreira_de_araujo,José Fernando Morais Carreira de Araújo,person
nuno_miguel_moreira_de_araujo_santos,Nuno Miguel Moreira de Araújo Santos,person
joao_paulo_araujo_oliveira,João Paulo Araújo Oliveira,person
adriano_augusto_da_silva_silveira,Adriano Augusto da Silva Silveira,person
manuel_soares_ferreira_regalado,Manuel Soares Ferreira Regalado,person
vista_alegre,vista_alegre,company
nuno_miguel_rodrigues_terras_marques,Nuno Miguel Rodrigues Terras Marques,person
paulo_jorge_lourenco_pires,Paulo Jorge Lourenço Pires,person
alexandra_da_conceicao_lopes,Alexandra da Conceição Lopes,person
alda_alexandra_abrantes_costa,Alda Alexandra Abrantes Costa,person
paulo_jose_antunes_soares,Paulo José Antunes Soares,person
nuno_miguel_ferreira_assuncao_barra,Nuno Miguel Ferreira Assunção Barra,person
nuno_maria_pinto_de_magalhaes_fernandes_thomaz,Nuno Maria Pinto de Magalhães Fernandes Thomaz,person
cristina_isabel_sousa_lopes,Cristina Isabel Sousa Lopes,person
teodorico_figueiredo_pais,Teodorico Figueiredo Pais,person
