source,target,weight
paulo_jorge_dos_santos_fernandes,altri,0.291
joao_manuel_matos_borges_de_oliveira,altri,0.123
domingos_jose_vieira_de_matos,altri,0.159
laurentina_da_silva_martins,altri,0.314
pedro_miguel_matos_borges_de_oliveira,altri,0.258
ana_rebelo_de_carvalho_meneres_de_mendonca,altri,0.244
jose_manuel_de_almeida_archer,altri,0.147
paulo_jorge_dos_santos_fernandes,cofina,0.16
joao_manuel_matos_borges_de_oliveira,cofina,0.106
domingos_jose_vieira_de_matos,cofina,0.464
pedro_miguel_matos_borges_de_oliveira,cofina,0.494
ana_rebelo_de_carvalho_meneres_de_mendonca,cofina,0.218
francisco_maria_supico_pinto_balsemao,compta,0.382
jorge_manuel_martins_delgado,compta,0.392
antonio_manuel_frade_saraiva,compta,0.386
armindo_lourenco_monteiro,compta,0.311
antonio_rios_de_amorim,corticeira_amorim,0.135
nuno_filipe_vilela_barroca_de_oliveira,corticeira_amorim,0.409
fernando_jose_de_araujo_dos_santos_almeida,corticeira_amorim,0.132
cristina_rios_de_amorim_baptista,corticeira_amorim,0.491
luisa_alexandra_ramos_amorim,corticeira_amorim,0.386
juan_ginesta_vinas,corticeira_amorim,0.204
antonio_sarmento_gomes_mota,ctt,0.451
francisco_jose_queiroz_de_barros_de_lacerda,ctt,0.348
dionizia_maria_ribeiro_farinha_ferreira,ctt,0.447
nuno_de_carvalho_fernandes_thomaz,ctt,0.455
jose_manuel_baptista_fino,ctt,0.14
celine_dora_judith_abecassis_moedas,ctt,0.34
antonio_pedro_ferreira_vaz_da_silva,ctt,0.173
francisco_maria_da_costa_de_sousa_de_macedo_simao,ctt,0.249
joao_afonso_ramalho_sopas_pereira_bento,ctt,0.149
maria_luisa_coutinho_ferreira_leite_de_castro_anacoreta_correia,ctt,0.413
maria_belen_amatriain_corbi,ctt,0.173
rafael_caldeira_de_castel_branco_valverde,ctt,0.226
guy_patrick_guimaraes_de_goyri_pacheco,ctt,0.11
antonio_mexia,edp_renov_c3_a1veis,0.465
joao_manso_neto,edp_renov_c3_a1veis,0.257
joao_paulo_costeira,edp_renov_c3_a1veis,0.448
duarte_bello,edp_renov_c3_a1veis,0.259
miguel_angel_prado,edp_renov_c3_a1veis,0.491
manuel_menendez_menendez,edp_renov_c3_a1veis,0.44
gilles_august,edp_renov_c3_a1veis,0.403
acacio_piloto,edp_renov_c3_a1veis,0.262
antonio_nogueira_leite,edp_renov_c3_a1veis,0.168
allan_j_katz,edp_renov_c3_a1veis,0.105
francisca_guedes_de_oliveira,edp_renov_c3_a1veis,0.281
francisco_seixas_da_costa,edp_renov_c3_a1veis,0.169
conceicao_lucas,edp_renov_c3_a1veis,0.314
alejandro_fernandez_de_araoz,edp_renov_c3_a1veis,0.142
paula_amorim,galp_energia,0.379
miguel_athayde_marques,galp_energia,0.282
carlos_gomes_da_silva,galp_energia,0.403
filipe_crisostomo_silva,galp_energia,0.331
thore_e_kristiansen,galp_energia,0.271
sergio_gabrielli_de_azevedo,galp_energia,0.42
abdul_magid_osman,galp_energia,0.136
marta_amorim,galp_energia,0.201
raquel_vunge,galp_energia,0.137
carlos_costa_pina,galp_energia,0.29
francisco_teixeira_rego,galp_energia,0.252
jorge_seabra_de_freitas,galp_energia,0.226
jose_carlos_silva,galp_energia,0.429
pedro_ricardo,galp_energia,0.442
tiago_camara_pestana,galp_energia,0.376
rui_paulo_goncalves,galp_energia,0.407
luis_todo_bom,galp_energia,0.107
diogo_tavares,galp_energia,0.469
joaquim_borges_gouveia,galp_energia,0.315
luis_carlos_alves_rodrigues_matias,glintt,0.267
miguel_jorge_belpho_da_silva_lanca,glintt,0.245
vitor_manuel_lopes_segurado,glintt,0.248
ana_cristina_clarkson_gaspar,glintt,0.478
nuno_vasco_rodrigues_viegas_vieira_lopes,glintt,0.478
catia_sofia_farrajota_de_sousa_marques,glintt,0.104
henrique_augusto_pereira_moreira,glintt,0.377
joao_paulo_coelho_cabecinha,glintt,0.316
luis_paulo_reis_cocco,glintt,0.39
nuno_carlos_dias_dos_santos_forneas,glintt,0.433
jose_luis_bonifacio_lopes,glintt,0.315
ana_filipa_nogueira_fixe_santos,glintt,0.343
dario_miguel_tome_vicente_de_bastos_martins,glintt,0.162
manuel_mirat,grupo_media_capital,0.433
manuel_polanco,grupo_media_capital,0.355
maria_del_pilar_del_rio,grupo_media_capital,0.152
rosa_maria_cullell_muniesa,grupo_media_capital,0.421
agnes_noguera_borel,grupo_media_capital,0.428
antonio_carlos_vaz_pinto_de_sousa,ibersol,0.446
antonio_alberto_guerra_leal_teixeira,ibersol,0.46
juan_carlos_vazquez_dodero_de_bonifaz,ibersol,0.177
francisco_jose_pereira_pinto_de_balsemao,impresa,0.215
francisco_maria_supico_pinto_balsemao,impresa,0.126
francisco_pedro_presas_pinto_de_balsemao,impresa,0.145
alexandre_de_azeredo_vaz_pinto,impresa,0.253
antonio_soares_pinto_barbosa,impresa,0.153
maria_luisa_coutinho_ferreira_leite_de_castro_anacoreta_correia,impresa,0.33
jose_manuel_archer_galvao_teles,impresa,0.468
joao_nuno_lopes_de_castro,impresa,0.158
alvaro_joao_duarte_pinto_correia,inapa,0.113
diogo_francisco_bastos_mendes_rezende,inapa,0.252
antonio_pedro_valente_da_silva_coelho,inapa,0.415
arndt_jost_michael_klippgen,inapa,0.307
antonio_jose_gomes_da_silva_albuquerque,inapa,0.428
frederico_joao_de_moser_lupi,inapa,0.123
joao_miguel_pacheco_de_sales_luis,inapa,0.29
goncalo_cruz_faria_de_carvalho,inapa,0.375
pedro_manuel_de_castro_soares_dos_santos,jer_c3_b3nimo_martins,0.214
andrzej_szlezak,jer_c3_b3nimo_martins,0.443
antonio_pedro_de_carvalho_viana_baptista,jer_c3_b3nimo_martins,0.398
artur_stefan_kirsten,jer_c3_b3nimo_martins,0.289
clara_christina_streit,jer_c3_b3nimo_martins,0.424
francisco_manuel_seixas_da_costa,jer_c3_b3nimo_martins,0.242
hans_eggerstedt,jer_c3_b3nimo_martins,0.158
henrique_manuel_da_silveira_e_castro_soares_dos_santos,jer_c3_b3nimo_martins,0.372
sergio_tavares_rebelo,jer_c3_b3nimo_martins,0.195
jose_pedro_franco_braz_monteiro,lisgr_c3_a1fica,0.313
luciano_manuel_ribeiro_da_silva_patrao,lisgr_c3_a1fica,0.129
jaime_luciano_marques_baptista_da_costa,lisgr_c3_a1fica,0.155
antonio_pedro_marques_patrocinio,lisgr_c3_a1fica,0.132
carlos_manuel_marques_martins,martifer,0.301
jorge_alberto_marques_martins,martifer,0.155
arnaldo_jose_nunes_da_costa_figueiredo,martifer,0.162
pedro_nuno_cardoso_abreu_moreira,martifer,0.179
pedro_miguel_rodrigues_duarte,martifer,0.317
maria_silvia_da_fonseca_vasconcelos_da_mota,martifer,0.264
vitor_manuel_alvares_escaria,martifer,0.288
mariana_machado_franca_gouveia_sande_nogueira,martifer,0.216
antonio_manuel_queiros_vasconcelos_da_mota,mota_engil,0.237
goncalo_nuno_gomes_de_a_moura_martins,mota_engil,0.179
arnaldo_jose_nunes_da_costa_figueiredo,mota_engil,0.123
jorge_paulo_sacadura_almeida_coelho,mota_engil,0.229
maria_manuela_queiros_v_mota_dos_santos,mota_engil,0.451
maria_teresa_queiros_v_mota_neves_da_costa,mota_engil,0.479
maria_paula_queiros_v_mota_de_meireles,mota_engil,0.464
carlos_antonio_vasconcelos_mota_dos_santos,mota_engil,0.378
ismael_antunes_hernandez_gaspar,mota_engil,0.185
jose_pedro_matos_marques_sampaio_de_freitas,mota_engil,0.392
antonio_martinho_ferreira_de_oliveira,mota_engil,0.202
manuel_antonio_da_fonseca_vasconcelos_da_mota,mota_engil,0.291
joao_pedro_dos_santos_dinis_parreira,mota_engil,0.266
eduardo_joao_frade_sobral_pimentel,mota_engil,0.296
luis_filipe_cardoso_da_silva,mota_engil,0.384
luis_valente_de_oliveira,mota_engil,0.224
antonio_bernardo_a_da_gama_lobo_xavier,mota_engil,0.272
antonio_manuel_da_silva_vila_cova,mota_engil,0.14
francisco_manuel_seixas_da_costa,mota_engil,0.455
helena_sofia_salgado_cerveira_pinto,mota_engil,0.245
ana_paula_chaves_e_sa_ribeiro,mota_engil,0.421
jorge_de_brito_pereira,nos,0.32
miguel_almeida,nos,0.429
jose_pedro_pereira_da_costa,nos,0.238
ana_paula_marques,nos,0.495
manuel_ramalho_eanes,nos,0.403
jorge_graca,nos,0.187
luis_nascimento,nos,0.486
angelo_pauperio,nos,0.371
antonio_lobo_xavier,nos,0.486
antonio_domingues,nos,0.414
catarina_tavira_van_dunem,nos,0.438
joaquim_oliveira,nos,0.43
lorena_fernandes,nos,0.235
maria_claudia_azevedo,nos,0.289
mario_leite_da_silva,nos,0.163
joao_dolores,nos,0.317
luis_paulo_cardoso_salvado,novabase,0.444
joao_nuno_da_silva_bento,novabase,0.388
alvaro_jose_da_silva_ferreira,novabase,0.225
francisco_paulo_figueiredo_morais_antunes,novabase,0.496
maria_del_carmen_gil_marin,novabase,0.228
jose_afonso_oom_ferreira_de_sousa,novabase,0.267
pedro_miguel_quinteiro_marques_carvalho,novabase,0.279
marta_isabel_dos_reis_graca_rodrigues_do_nascimento,novabase,0.374
luis_maria_viana_palha_da_silva,pharol,0.154
aristoteles_luiz_menezes_vasconcellos_drummond,pharol,0.439
joao_manuel_pisco_de_castro,pharol,0.366
jorge_augusto_santiago_das_neves,pharol,0.131
jorge_telmo_maria_freire_cardoso,pharol,0.123
maria_do_rosario_amado_pinto_correia,pharol,0.463
nelson_sequeiros_rodriguez_tanure,pharol,0.485
pedro_zanartu_gubert_morais_leitao,pharol,0.359
maria_leonor_martins_ribeiro_modesto,pharol,0.223
joao_manuel_matos_borges_de_oliveira,ramada,0.196
paulo_jorge_dos_santos_fernandes,ramada,0.378
domingos_jose_vieira_de_matos,ramada,0.321
pedro_miguel_matos_borges_de_oliveira,ramada,0.256
ana_rebelo_de_carvalho_meneres_de_mendonca,ramada,0.358
rodrigo_costa,ren,0.393
goncalo_morais_soares,ren,0.296
joao_faria_conceicao,ren,0.341
guangchao_zhu,ren,0.163
mengrong_cheng,ren,0.224
li_lequan,ren,0.444
omar_al_wahaibi,ren,0.227
jorge_magalhaes_correia,ren,0.25
manuel_ramos_de_sousa_sebastiao,ren,0.211
goncalo_gil_mata,ren,0.103
maria_estela_barbot,ren,0.22
jose_luis_arnaut,ren,0.366
joao_manuel_de_quevedo_pereira_coutinho,sag_gest,0.392
esmeralda_da_silva_santos_dourado,sag_gest,0.271
pedro_roque_de_pinho_de_almeida,sag_gest,0.301
pedro_mendonca_de_queiroz_pereira,semapa,0.378
joao_nuno_de_sottomayor_pinto_de_castello_branco,semapa,0.378
jose_miguel_pereira_gens_paredes,semapa,0.406
paulo_miguel_garces_ventura,semapa,0.393
ricardo_miguel_dos_santos_pacheco_pires,semapa,0.254
antonio_pedro_de_carvalho_viana_baptista,semapa,0.196
carlos_eduardo_coelho_alves,semapa,0.137
filipa_mendes_de_almeida_de_queiroz_pereira,semapa,0.159
jose_antonio_do_prado_fay,semapa,0.414
lua_monica_mendes_de_almeida_de_queiroz_pereira,semapa,0.209
francisco_jose_melo_e_castro_guedes,semapa,0.218
mafalda_mendes_de_almeida_de_queiroz_pereira,semapa,0.298
manuel_custodio_de_oliveira,semapa,0.394
vitor_manuel_galvao_rocha_novais_goncalves,semapa,0.447
vitor_paulo_paranhos_pereira,semapa,0.125
duarte_paulo_teixeira_de_azevedo,sonae_capital,0.296
alvaro_carmona_e_costa_portela,sonae_capital,0.135
maria_claudia_teixeira_de_azevedo,sonae_capital,0.224
francisco_de_la_fuente_sanchez,sonae_capital,0.239
paulo_jose_jubilado_soares_de_pinho,sonae_capital,0.333
miguel_jorge_moreira_da_cruz_gil_mata,sonae_capital,0.413
ivone_maria_pinho_teixeira_da_silva,sonae_capital,0.359
duarte_paulo_teixeira_de_azevedo,sonae_ind_c3_bastria,0.101
carlos_antonio_da_rocha_moreira_da_silva,sonae_ind_c3_bastria,0.398
albrecht_olof_lothar_ehlers,sonae_ind_c3_bastria,0.484
berta_maria_nogueira_dias_da_cunha,sonae_ind_c3_bastria,0.319
isabel_sofia_braganca_simoes_de_barros,sonae_ind_c3_bastria,0.243
javier_vega_de_seoane_azpilicueta,sonae_ind_c3_bastria,0.404
jose_joaquim_romao_de_sousa,sonae_ind_c3_bastria,0.475
george_christopher_lawrie,sonae_ind_c3_bastria,0.369
louis_brassard,sonae_ind_c3_bastria,0.38
duarte_paulo_teixeira_de_azevedo,sonae_sgps,0.431
angelo_gabriel_ribeirinho_dos_santos_pauperio,sonae_sgps,0.287
jose_manuel_neves_adelino,sonae_sgps,0.148
andrew_eustace_clavering_campbell,sonae_sgps,0.48
christine_cross,sonae_sgps,0.34
tsega_gebreyes,sonae_sgps,0.189
marcelo_faria_de_lima,sonae_sgps,0.278
dag_johan_skattum,sonae_sgps,0.172
margaret_lorraine_trainer,sonae_sgps,0.336
angelo_gabriel_ribeirinho_dos_santos_pauperio,sonaecom,0.344
antonio_bernardo_aranha_da_gama_lobo_xavier,sonaecom,0.468
maria_claudia_teixeira_de_azevedo,sonaecom,0.432
joao_pedro_magalhaes_da_silva_torres_dolores,sonaecom,0.245
diogo_bebiano_branco_de_sa_viana_rebelo,teixeira_duarte,0.269
pedro_maria_calainho_teixeira_duarte,teixeira_duarte,0.287
pedro_mendonca_de_queiroz_pereira,the_navigator_company,0.174
joao_nuno_de_sottomayor_pinto_de_castello_branco,the_navigator_company,0.354
diogo_antonio_rodrigues_da_silveira,the_navigator_company,0.134
luis_alberto_caldeira_deslandes,the_navigator_company,0.322
antonio_jose_pereira_redondo,the_navigator_company,0.33
jose_fernando_morais_carreira_de_araujo,the_navigator_company,0.315
nuno_miguel_moreira_de_araujo_santos,the_navigator_company,0.401
joao_paulo_araujo_oliveira,the_navigator_company,0.449
adriano_augusto_da_silva_silveira,the_navigator_company,0.253
jose_miguel_pereira_gens_paredes,the_navigator_company,0.109
manuel_soares_ferreira_regalado,the_navigator_company,0.306
paulo_miguel_garces_ventura,the_navigator_company,0.194
ricardo_miguel_dos_santos_pacheco_pires,the_navigator_company,0.37
vitor_manuel_galvao_rocha_novais_goncalves,the_navigator_company,0.344
nuno_miguel_rodrigues_terras_marques,vista_alegre,0.427
paulo_jorge_lourenco_pires,vista_alegre,0.138
joao_manuel_pisco_de_castro,vista_alegre,0.308
alexandra_da_conceicao_lopes,vista_alegre,0.473
alda_alexandra_abrantes_costa,vista_alegre,0.139
paulo_jose_antunes_soares,vista_alegre,0.153
nuno_miguel_ferreira_assuncao_barra,vista_alegre,0.251
nuno_maria_pinto_de_magalhaes_fernandes_thomaz,vista_alegre,0.498
jorge_paulo_sacadura_almeida_coelho,vista_alegre,0.26
cristina_isabel_sousa_lopes,vista_alegre,0.138
teodorico_figueiredo_pais,vista_alegre,0.282
