Name;ISIN;Symbol;Market;Currency;"Open Price";"High Price";"low Price";"last Price";"last Trade MIC Time";"Time Zone";Volume;Turnover;"Closing Price";"Closing Price DateTime"
"European Equities"
"07 Apr 2026"
"All datapoints provided as of end of last active trading day."
"ALTRI SGPS";PTALT0AE0002;ALTR;"Euronext Lisbon";EUR;4.91;4.985;4.82;4.835;"02/04/2026 21:35";BST;544062;2654995.26;4.835;02/04/2026
ARRABIDASHOPPING;PTCAP0AM0017;MLARR;"Euronext Access Lisbon";EUR;-;-;-;-;-;BST;-;-;-;-
"ATRIUM BIRE SIGI";PTTBI0AM0006;MLATR;"Euronext Access Lisbon";EUR;2.98;2.98;2.98;2.98;"05/08/2025 21:00";BST;16780;50004.40;2.98;02/04/2026
B.COM.PORTUGUES;PTBCP0AM0015;BCP;"Euronext Lisbon";EUR;0.86;0.868;0.8488;0.8646;"02/04/2026 21:35";BST;69179682;59416046.70;0.8646;02/04/2026
BENFICA;PTSLB0AM0010;SLBEN;"Euronext Lisbon";EUR;6.36;6.62;6.34;6.34;"02/04/2026 15:59";BST;273;1787.28;6.34;02/04/2026
"CIAGEST - SIGI S.A";PTIAG0AM0005;MLCIA;"Euronext Access Lisbon";EUR;2.24;2.24;2.24;2.24;"27/03/2026 21:30";BST;35000;78400.00;2.24;02/04/2026
CONDURIL;PTCDU0AE0003;CDU;"Euronext Access Lisbon";EUR;15.00;15.00;15.00;15.00;"24/03/2026 21:30";BST;2078;31170.00;15.00;02/04/2026
"CORTICEIRA AMORIM";PTCOR0AE0006;COR;"Euronext Lisbon";EUR;6.55;6.57;6.51;6.54;"02/04/2026 21:36";BST;78947;516310.53;6.54;02/04/2026
"CTT CORREIOS PORT";PTCTT0AM0001;CTT;"Euronext Lisbon";EUR;6.30;6.38;6.22;6.31;"02/04/2026 21:35";BST;618395;3904469.38;6.31;02/04/2026
EDP;PTEDP0AM0009;EDP;"Euronext Lisbon";EUR;4.628;4.719;4.613;4.71;"02/04/2026 21:35";BST;11759873;55162983.67;4.71;02/04/2026
"EDP RENOVAVEIS";ES0127797019;EDPR;"Euronext Lisbon";EUR;13.92;14.23;13.80;14.23;"02/04/2026 21:35";BST;1102257;15596894.32;14.23;02/04/2026
"ESTORIL SOL N";PTESO0AM0000;ESON;"Euronext Lisbon";EUR;3.46;3.46;3.46;3.46;"01/04/2026 18:29";BST;321;1110.66;3.46;02/04/2026
EURONEXT;NL0006294274;ENXP;"Euronext Lisbon";EUR;-;-;-;-;-;BST;-;-;-;-
FARMINVESTE;PTFNV1AM0002;MLFMV;"Euronext Access Lisbon";EUR;4.16;4.16;4.16;4.16;"02/04/2026 15:30";BST;100;416.00;4.16;02/04/2026
FLEXDEAL;PTFXD0AM0018;FLEXD;"Euronext Lisbon";EUR;4.30;4.30;4.30;4.30;"01/04/2026 18:40";BST;100;430.00;4.30;02/04/2026
"FUT.CLUBE PORTO";PTFCP0AM0008;FCP;"Euronext Lisbon";EUR;2.88;2.88;2.88;2.88;"02/04/2026 18:37";BST;4035;11620.80;2.88;02/04/2026
"GAIASHOPPING - SIC";PTGHP0AM0005;MLGSH;"Euronext Access Lisbon";EUR;-;-;-;-;-;BST;-;-;-;-
"GALP ENERGIA-NOM";PTGAL0AM0009;GALP;"Euronext Lisbon";EUR;20.86;21.32;20.86;21.14;"02/04/2026 21:35";BST;2860786;60447122.36;21.14;02/04/2026
GLINTT;PTPAD0AM0007;GLINT;"Euronext Lisbon";EUR;1.25;1.27;1.25;1.26;"02/04/2026 20:35";BST;7300;9141.00;1.26;02/04/2026
IBERSOL,SGPS;PTIBS0AM0008;IBS;"Euronext Lisbon";EUR;10.80;11.10;10.80;11.10;"02/04/2026 21:35";BST;8370;91714.40;11.10;02/04/2026
IMPRESA,SGPS;PTIPR0AM0000;IPR;"Euronext Lisbon";EUR;0.1835;0.188;0.182;0.183;"02/04/2026 21:35";BST;249816;45983.96;0.183;02/04/2026
J.MARTINS,SGPS;PTJMT0AE0001;JMT;"Euronext Lisbon";EUR;20.54;20.86;20.26;20.74;"02/04/2026 21:35";BST;995443;20588012.08;20.74;02/04/2026
"MACC1X1 SOCIMI";ES0105665006;MLMAC;"Euronext Access Lisbon";EUR;1.23583;1.23583;1.23583;1.23583;"22/06/2022 04:00";BST;-;-;1.16;02/04/2026
MARTIFER;PTMFR0AM0003;MAR;"Euronext Lisbon";EUR;2.47;2.47;2.41;2.41;"02/04/2026 21:07";BST;1774;4297.92;2.41;02/04/2026
"MEDIA CAPITAL";PTGMC0AM0003;MCP;"Euronext Lisbon";EUR;1.90;1.90;1.90;1.90;"29/12/2025 16:30";BST;1;1.90;1.90;02/04/2026
"MERLIN PROPERTIES";ES0105025003;MRL;"Euronext Lisbon";EUR;14.19;14.30;14.19;14.24;"01/04/2026 14:45";BST;700;9995.50;14.24;02/04/2026
"MONUMENTAL RES";PTMNN0AE0006;MLMR;"Euronext Access Lisbon";EUR;0.994;0.994;0.994;0.994;"23/05/2019 04:00";BST;-;-;0.995;02/04/2026
"MOTA ENGIL";PTMEN0AE0005;EGL;"Euronext Lisbon";EUR;4.618;4.774;4.572;4.726;"02/04/2026 21:35";BST;1920101;8945131.82;4.726;02/04/2026
"NOS, SGPS";PTZON0AM0006;NOS;"Euronext Lisbon";EUR;5.48;5.56;5.43;5.56;"02/04/2026 21:35";BST;656201;3611530.10;5.56;02/04/2026
NOVABASE,SGPS;PTNBA0AM0006;NBA;"Euronext Lisbon";EUR;9.10;9.10;8.95;8.95;"02/04/2026 21:35";BST;582;5233.60;8.95;02/04/2026
"OLIMPO REAL ESTATE";PTOTP0AM0004;MLORE;"Euronext Access Lisbon";EUR;3.70;3.70;3.70;3.70;"13/02/2026 16:30";BST;40;148.00;3.70;02/04/2026
PHAROL;PTPTC0AM0009;PHR;"Euronext Lisbon";EUR;0.0764;0.079;0.0752;0.0788;"02/04/2026 21:35";BST;1411213;108393.21;0.0788;02/04/2026
RAIZE;PTRIZ0AM0009;MLRZE;"Euronext Access Lisbon";EUR;1.44;1.45;1.44;1.45;"02/04/2026 20:30";BST;12839;18515.55;1.45;02/04/2026
RAMADA;PTFRV0AE0004;RAM;"Euronext Lisbon";EUR;7.50;7.52;7.44;7.44;"02/04/2026 17:48";BST;4505;33632.94;7.44;02/04/2026
REN;PTREL0AM0008;RENE;"Euronext Lisbon";EUR;3.735;3.83;3.73;3.825;"02/04/2026 21:35";BST;623638;2372455.63;3.825;02/04/2026
"RSR SINGULAR";ES0105505004;MLRSR;"Euronext Access Lisbon";EUR;12.98;12.98;12.98;12.98;"03/09/2020 04:00";BST;-;-;13.00;02/04/2026
"S.CLUBE BRAGA";PTSCB0AM0001;SCB;"Euronext Access Lisbon";EUR;15.40;15.40;15.40;15.40;"31/03/2026 15:30";BST;50;770.00;15.40;02/04/2026
"SAMBA DIGITAL";PTDGL0AM0003;ALSMB;"Euronext Growth Lisbon";EUR;14.80;14.80;14.80;14.80;"30/03/2026 20:30";BST;2;29.60;14.80;02/04/2026
SEMAPA;PTSEM0AM0004;SEM;"Euronext Lisbon";EUR;22.30;22.65;22.00;22.20;"02/04/2026 21:35";BST;23436;524773.25;22.20;02/04/2026
SONAE;PTSON0AM0001;SON;"Euronext Lisbon";EUR;1.932;1.98;1.92;1.968;"02/04/2026 21:35";BST;2087649;4097976.46;1.968;02/04/2026
SONAECOM,SGPS;PTSNC0AM0006;SNC;"Euronext Lisbon";EUR;2.90;2.98;2.90;2.94;"02/04/2026 21:28";BST;3637;10751.32;2.94;02/04/2026
SONAGI;PTSNG0AM0007;SNG;"Euronext Access Lisbon";EUR;1.16;1.16;1.16;1.16;"17/11/2025 16:30";BST;94;109.04;1.16;02/04/2026
SPORTING;PTSCP0AM0001;SCP;"Euronext Lisbon";EUR;1.00;1.00;0.975;0.975;"02/04/2026 20:30";BST;487;481.46;0.975;02/04/2026
"TEIXEIRA DUARTE";PTTD10AM0000;TDSA;"Euronext Lisbon";EUR;0.432;0.462;0.431;0.446;"02/04/2026 21:35";BST;7040157;3111506.00;0.446;02/04/2026
"THE NAVIGATOR COMP";PTPTI0AM0006;NVG;"Euronext Lisbon";EUR;3.38;3.412;3.368;3.374;"02/04/2026 21:35";BST;539614;1829507.67;3.374;02/04/2026
"TOYOTA CAETANO";PTSCT0AP0018;SCT;"Euronext Lisbon";EUR;7.30;7.30;7.30;7.30;"02/04/2026 15:30";BST;500;3650.00;7.30;02/04/2026
"VAA VISTA ALEGRE";PTVAA0AM0019;VAF;"Euronext Lisbon";EUR;1.10;1.12;1.10;1.12;"02/04/2026 19:34";BST;58;64.86;1.12;02/04/2026
"VILA DOS NUMEROS";PTVUO0AM0000;MLVDN;"Euronext Access Lisbon";EUR;-;-;-;-;-;BST;-;-;-;-
