company,director1,director2,shared_other_boards
Cofina SGPS,Pedro Miguel Matos Borges de Oliveira,Domingos José Vieira de Matos,"ALTRI SGPS, RAMADA"
Vista Alegre Atlantis,Nuno Miguel Rodrigues Terras Marques,Alexandra da Conceição Lopes,Visabeira
ALTRI SGPS,Paulo Jorge dos Santos Fernandes,João Manuel Matos Borges de Oliveira,"Cofina SGPS, RAMADA"
Media Capital,Paulo Alexandre Francisco Gaspar,Avelino da Mota Francisco Gaspar,Lusiaves
Luz Saúde,Jorge Manuel Baptista Magalhães Correia,Rogério Miguel Antunes Campos Henriques,Fidelidade
BA Glass,Pedro Miranda Moreira da Silva,Rita Mestre Mira da Silva Domingues,Cerealis
Sonaecom,Ângelo Gabriel Ribeirinho dos Santos Paupério,Maria Cláudia Teixeira de Azevedo,"Sonae Sierra, NOS SGPS, Sonae SGPS, Sonae MC"
Lusiaves,Avelino da Mota Francisco Gaspar,Paulo Alexandre Francisco Gaspar,Media Capital
Sonae MC,Maria Cláudia Teixeira de Azevedo,Ângelo Gabriel Ribeirinho dos Santos Paupério,"Sonae Sierra, NOS SGPS, Sonae SGPS, Sonaecom"
EDP,Miguel Stilwell de Andrade,Rui Teixeira,EDP Renováveis
Visabeira,Nuno Miguel Rodrigues Terras Marques,Alexandra da Conceição Lopes,Vista Alegre Atlantis
Grupo José de Mello,Salvador Maria Guimarães José de Mello,Rui Alexandre Pires Diniz,CUF
Sonae SGPS,Ângelo Gabriel Ribeirinho dos Santos Paupério,Maria Cláudia Teixeira de Azevedo,"Sonae Sierra, NOS SGPS, Sonaecom, Sonae MC"
Fidelidade,Jorge Manuel Baptista Magalhães Correia,Rogério Miguel Antunes Campos Henriques,Luz Saúde
Sonae Sierra,Maria Cláudia Teixeira de Azevedo,Ângelo Gabriel Ribeirinho dos Santos Paupério,"Sonae SGPS, NOS SGPS, Sonaecom, Sonae MC"
RAMADA,João Manuel Matos Borges de Oliveira,Paulo Jorge dos Santos Fernandes,"ALTRI SGPS, Cofina SGPS"
Media Livre,Domingos José Vieira de Matos,Paulo Jorge dos Santos Fernandes,"ALTRI SGPS, Cofina SGPS, RAMADA"
Millennium BCP,Jorge Manuel Baptista Magalhães Correia,Lingjiang Xu,Fidelidade
Multicare,Rogério Miguel Antunes Campos Henriques,Maria João Vellez Caroço Honório Paulino de Sales Luís,Fidelidade
EDP Renováveis,Rui Teixeira,Miguel Stilwell de Andrade,EDP
NOS SGPS,Ângelo Gabriel Ribeirinho dos Santos Paupério,João Pedro Magalhães da Silva Torres Dolores,"Sonae Sierra, Sonae SGPS, Sonaecom, Sonae MC"
CUF,Salvador Maria Guimarães José de Mello,Rui Alexandre Pires Diniz,Grupo José de Mello
Cerealis,Pedro Miranda Moreira da Silva,Francisco José Mestre Mira da Silva Domingues,BA Glass
Caixa Geral de Depósitos,António José Alves Valente,Eduardo José Stock da Cunha,Fidelidade
